DATE,CPI,CRUDE_WTI,NGAS_US,MAIZE,WHEAT_US_HRW,BANANA_US,CHICKEN,SUGAR_US,COPPER,Tin,Zinc
1960-01-31,29.3,1.63,0.14,45.0,59.89,0.14,0.3,0.12,715.4,2180.4,260.8
1960-02-29,29.4,1.63,0.14,44.0,60.99,0.14,0.3,0.12,728.19,2180.4,244.9
1960-03-31,29.4,1.63,0.14,45.0,61.73,0.14,0.3,0.12,684.94,2173.8,248.7
1960-04-30,29.5,1.63,0.14,45.0,60.99,0.14,0.3,0.12,723.11,2178.2,254.6
1960-05-31,29.5,1.63,0.14,48.0,57.69,0.15,0.3,0.12,684.75,2162.7,253.8
1960-06-30,29.6,1.63,0.14,47.0,55.48,0.15,0.3,0.13,691.59,2184.8,249.8
1960-07-31,29.6,1.63,0.14,47.0,54.75,0.15,0.3,0.13,702.39,2248.7,248.7
1960-08-31,29.6,1.63,0.14,47.0,55.12,0.13,0.3,0.13,675.94,2204.6,241.0
1960-09-30,29.6,1.63,0.14,46.0,56.59,0.14,0.3,0.13,647.06,2226.7,240.1
1960-10-31,29.8,1.63,0.14,42.0,56.95,0.15,0.3,0.13,612.66,2226.7,242.3
1960-11-30,29.8,1.63,0.14,38.0,57.69,0.13,0.3,0.13,642.13,2204.6,241.4
1960-12-31,29.8,1.63,0.14,40.0,58.05,0.15,0.3,0.13,636.91,2189.2,228.2
1961-01-31,29.8,1.57,0.15,43.0,58.79,0.13,0.31,0.13,606.71,2162.7,218.0
1961-02-28,29.8,1.57,0.15,44.0,59.16,0.13,0.31,0.13,616.63,2187.0,228.2
1961-03-31,29.8,1.57,0.15,44.0,58.05,0.14,0.31,0.12,621.26,2248.7,233.2
1961-04-30,29.8,1.57,0.15,43.0,57.32,0.14,0.31,0.12,631.84,2308.2,231.3
1961-05-31,29.8,1.57,0.15,45.0,55.85,0.13,0.31,0.13,668.44,2376.6,227.1
1961-06-30,29.8,1.57,0.15,44.0,54.38,0.12,0.31,0.13,652.12,2467.0,217.8
1961-07-31,30.0,1.57,0.15,45.0,56.59,0.13,0.31,0.13,633.39,2519.9,214.7
1961-08-31,29.9,1.57,0.15,44.0,58.79,0.13,0.31,0.12,636.47,2605.9,210.8
1961-09-30,30.0,1.57,0.15,43.0,59.89,0.15,0.31,0.12,632.72,2630.1,203.7
1961-10-31,30.0,1.57,0.15,47.64,60.26,0.13,0.31,0.12,630.3,2605.9,198.2
1961-11-30,30.0,1.57,0.15,48.42,61.73,0.15,0.32,0.13,632.28,2667.6,191.8
1961-12-31,30.0,1.57,0.15,48.42,62.46,0.14,0.32,0.13,634.85,2619.1,196.9
1962-01-31,30.0,1.52,0.16,48.03,60.63,0.13,0.32,0.13,635.37,2610.3,193.6
1962-02-28,30.1,1.52,0.16,48.03,61.36,0.14,0.32,0.13,647.94,2623.5,189.6
1962-03-31,30.1,1.52,0.16,48.82,61.73,0.15,0.32,0.13,647.5,2652.2,191.4
1962-04-30,30.2,1.52,0.16,48.82,62.1,0.15,0.32,0.13,645.95,2614.7,191.4
1962-05-31,30.2,1.52,0.16,49.6,63.57,0.14,0.32,0.13,645.73,2533.1,188.5
1962-06-30,30.2,1.52,0.16,49.6,64.3,0.12,0.32,0.13,645.51,2414.1,184.7
1962-07-31,30.3,1.52,0.16,48.82,65.4,0.12,0.32,0.13,645.51,2376.6,182.1
1962-08-31,30.3,1.52,0.16,47.24,66.51,0.12,0.32,0.13,645.51,2350.1,178.1
1962-09-30,30.4,1.52,0.16,47.64,65.77,0.12,0.32,0.13,645.51,2350.1,176.6
1962-10-31,30.4,1.52,0.16,47.64,64.3,0.12,0.32,0.13,645.95,2358.9,181.9
1962-11-30,30.4,1.52,0.16,48.42,68.71,0.15,0.32,0.13,645.51,2407.4,188.5
1962-12-31,30.4,1.52,0.16,51.18,67.61,0.13,0.32,0.13,645.73,2365.6,184.7
1963-01-31,30.4,1.5,0.16,52.75,67.24,0.13,0.32,0.13,645.51,2350.1,186.3
1963-02-28,30.4,1.5,0.16,53.15,68.34,0.13,0.32,0.14,645.51,2350.1,191.6
1963-03-31,30.5,1.5,0.16,52.36,69.45,0.13,0.32,0.14,645.51,2358.9,197.5
1963-04-30,30.5,1.5,0.16,51.97,70.92,0.13,0.33,0.16,645.73,2427.3,204.4
1963-05-31,30.5,1.5,0.16,52.36,67.61,0.13,0.33,0.22,645.51,2495.6,209.4
1963-06-30,30.6,1.5,0.16,55.51,58.42,0.13,0.33,0.18,645.73,2500.0,209.2
1963-07-31,30.7,1.5,0.16,56.69,57.69,0.13,0.33,0.16,645.51,2482.4,204.8
1963-08-31,30.7,1.5,0.16,55.51,58.42,0.17,0.33,0.13,645.51,2495.6,210.3
1963-09-30,30.7,1.5,0.16,55.9,60.63,0.16,0.33,0.15,645.51,2572.8,211.2
1963-10-31,30.8,1.5,0.16,53.15,65.04,0.18,0.33,0.19,645.51,2590.4,220.9
1963-11-30,30.8,1.5,0.16,52.36,65.04,0.15,0.33,0.19,645.73,2687.4,231.5
1963-12-31,30.9,1.5,0.16,53.54,65.04,0.16,0.33,0.18,650.14,2782.2,261.0
1964-01-31,30.9,1.45,0.15,55.12,64.04,0.15,0.33,0.19,655.65,2872.6,264.1
1964-02-29,30.9,1.45,0.15,52.75,66.14,0.16,0.33,0.16,693.79,3060.0,270.5
1964-03-31,30.9,1.45,0.15,54.33,66.87,0.16,0.34,0.15,745.16,2958.6,277.1
1964-04-30,30.9,1.45,0.15,55.51,67.61,0.2,0.34,0.15,861.56,2879.2,298.7
1964-05-31,30.9,1.45,0.15,55.9,69.45,0.21,0.34,0.13,828.28,2910.1,343.0
1964-06-30,31.0,1.45,0.15,56.3,65.04,0.21,0.34,0.13,808.43,3265.0,357.1
1964-07-31,31.1,1.45,0.15,55.9,68.71,0.17,0.34,0.12,854.95,3452.4,385.1
1964-08-31,31.0,1.45,0.15,54.72,68.71,0.16,0.34,0.12,999.33,3512.0,345.2
1964-09-30,31.1,1.45,0.15,55.12,69.08,0.18,0.34,0.12,1162.05,3933.0,355.1
1964-10-31,31.1,1.45,0.15,52.8,68.71,0.16,0.34,0.13,1358.27,4371.8,334.4
1964-11-30,31.2,1.45,0.15,52.8,67.98,0.16,0.34,0.12,1400.37,4105.0,344.6
1964-12-31,31.2,1.45,0.15,54.33,67.98,0.13,0.34,0.13,1269.2,3633.2,343.0
1965-01-31,31.2,1.42,0.16,55.9,66.14,0.13,0.34,0.14,1000.68,3456.8,322.3
1965-02-28,31.2,1.42,0.16,56.69,61.36,0.16,0.35,0.14,1179.91,3390.7,320.3
1965-03-31,31.3,1.42,0.16,57.08,60.99,0.15,0.35,0.13,1237.23,3584.7,315.9
1965-04-30,31.4,1.42,0.16,57.48,59.89,0.16,0.35,0.13,1348.34,3944.1,315.9
1965-05-31,31.4,1.42,0.16,58.66,59.16,0.15,0.35,0.14,1378.55,4215.2,323.4
1965-06-30,31.6,1.42,0.16,58.26,58.05,0.17,0.35,0.14,1308.88,4131.5,314.4
1965-07-31,31.6,1.42,0.16,56.69,57.32,0.18,0.35,0.13,1134.06,3966.1,310.4
1965-08-31,31.6,1.42,0.16,55.12,57.69,0.17,0.35,0.14,1209.9,4091.8,303.6
1965-09-30,31.6,1.42,0.16,53.93,58.42,0.18,0.35,0.14,1327.84,4208.6,299.6
1965-10-31,31.7,1.42,0.16,51.57,58.05,0.19,0.35,0.14,1401.92,4010.2,307.8
1965-11-30,31.7,1.42,0.16,51.57,58.05,0.15,0.36,0.14,1469.16,3820.6,298.7
1965-12-31,31.8,1.42,0.16,55.12,58.42,0.13,0.36,0.13,1517.66,3869.1,302.7
1966-01-31,31.8,1.36,0.16,57.08,58.42,0.13,0.36,0.14,1679.04,3926.4,302.7
1966-02-28,32.0,1.36,0.16,57.08,58.79,0.14,0.36,0.14,1874.37,3877.9,299.8
1966-03-31,32.1,1.36,0.16,55.51,58.79,0.17,0.36,0.14,1874.81,3772.1,300.7
1966-04-30,32.3,1.36,0.16,55.9,58.79,0.19,0.36,0.14,1907.44,3763.3,278.7
1966-05-31,32.3,1.36,0.16,55.12,58.79,0.18,0.36,0.14,1663.61,3688.3,270.0
1966-06-30,32.4,1.36,0.16,57.08,62.1,0.18,0.36,0.14,1695.79,3516.4,272.1
1966-07-31,32.5,1.36,0.16,59.05,65.4,0.14,0.37,0.14,1567.93,3514.2,264.6
1966-08-31,32.7,1.36,0.16,62.6,67.61,0.16,0.37,0.14,1195.34,3428.2,264.6
1966-09-30,32.7,1.36,0.16,61.02,67.24,0.14,0.37,0.14,1128.32,3377.5,270.5
1966-10-31,32.9,1.36,0.16,58.66,66.14,0.13,0.37,0.15,1275.37,3362.0,276.0
1966-11-30,32.9,1.36,0.16,59.05,65.77,0.14,0.37,0.14,1301.61,3320.2,288.1
1966-12-31,32.9,1.36,0.16,61.41,67.61,0.14,0.37,0.14,1214.53,3335.6,285.5
1967-01-31,32.9,1.33,0.16,60.23,67.24,0.16,0.37,0.14,1243.85,3302.5,279.5
1967-02-28,32.9,1.33,0.16,59.05,67.98,0.14,0.37,0.15,1220.48,3309.1,282.2
1967-03-31,33.0,1.33,0.16,59.05,69.81,0.16,0.37,0.15,1098.34,3318.0,279.3
1967-04-30,33.1,1.33,0.16,57.87,68.34,0.16,0.37,0.15,994.72,3351.0,272.1
1967-05-31,33.2,1.33,0.16,57.08,68.34,0.15,0.37,0.15,1036.17,3357.6,275.1
1967-06-30,33.3,1.33,0.16,57.08,66.51,0.16,0.37,0.15,1015.22,3366.5,274.3
1967-07-31,33.4,1.33,0.16,55.12,64.67,0.16,0.37,0.15,997.37,3362.0,267.2
1967-08-31,33.5,1.33,0.16,51.97,63.93,0.15,0.37,0.15,1044.55,3291.5,268.7
1967-09-30,33.6,1.33,0.16,49.21,63.2,0.18,0.37,0.15,1060.2,3267.2,264.6
1967-10-31,33.7,1.33,0.16,48.03,63.57,0.18,0.37,0.15,1138.47,3280.5,263.9
1967-11-30,33.8,1.33,0.16,47.64,62.83,0.16,0.38,0.15,1443.81,3298.1,287.0
1967-12-31,33.9,1.33,0.16,46.9,62.1,0.13,0.38,0.15,1324.09,3192.3,266.1
1968-01-31,34.1,1.32,0.16,51.57,62.1,0.11,0.38,0.15,1408.75,3126.2,262.8
1968-02-29,34.2,1.32,0.16,51.18,62.83,0.17,0.38,0.15,1719.82,3110.7,259.7
1968-03-31,34.3,1.32,0.16,50.0,63.57,0.16,0.38,0.15,1701.08,3112.9,257.5
1968-04-30,34.4,1.32,0.16,48.03,61.73,0.17,0.38,0.15,1255.09,3106.3,258.2
1968-05-31,34.5,1.32,0.16,48.42,60.26,0.18,0.38,0.15,1096.58,3084.3,261.5
1968-06-30,34.7,1.32,0.16,47.64,61.73,0.15,0.38,0.15,1136.7,3084.3,262.1
1968-07-31,34.9,1.32,0.16,47.24,63.57,0.16,0.38,0.15,1054.25,3075.4,265.7
1968-08-31,35.0,1.32,0.16,44.88,63.93,0.14,0.39,0.15,1056.45,3062.2,269.0
1968-09-30,35.1,1.32,0.16,44.09,63.57,0.16,0.39,0.15,1110.03,3071.0,263.0
1968-10-31,35.3,1.32,0.16,44.88,63.57,0.15,0.39,0.16,1079.82,3110.7,262.1
1968-11-30,35.4,1.32,0.16,49.21,63.2,0.14,0.39,0.15,1099.88,3320.2,264.1
1968-12-31,35.5,1.32,0.16,48.42,63.2,0.13,0.39,0.15,1184.98,3258.4,269.0
1969-01-31,35.6,1.27,0.17,50.39,63.2,0.14,0.39,0.16,1255.53,3227.6,269.4
1969-02-28,35.8,1.27,0.17,50.39,62.83,0.14,0.39,0.16,1285.29,3245.2,267.4
1969-03-31,36.1,1.27,0.17,50.39,62.1,0.15,0.4,0.16,1278.46,3243.0,271.6
1969-04-30,36.3,1.27,0.17,51.57,62.1,0.15,0.4,0.16,1388.03,3304.7,272.7
1969-05-31,36.4,1.27,0.17,54.33,62.1,0.17,0.4,0.16,1392.44,3355.4,278.9
1969-06-30,36.6,1.27,0.17,54.33,61.73,0.16,0.4,0.16,1483.04,3379.7,281.3
1969-07-31,36.8,1.27,0.17,53.93,60.26,0.15,0.4,0.15,1453.95,3439.2,283.7
1969-08-31,37.0,1.27,0.17,53.54,56.22,0.17,0.4,0.16,1606.73,3470.1,293.9
1969-09-30,37.1,1.27,0.17,51.18,53.65,0.18,0.4,0.16,1578.95,3470.1,299.4
1969-10-31,37.3,1.27,0.17,51.87,52.18,0.17,0.41,0.16,1554.48,3534.0,298.9
1969-11-30,37.5,1.27,0.17,53.16,52.18,0.16,0.41,0.16,1631.42,3642.0,309.5
1969-12-31,37.7,1.27,0.17,52.36,52.18,0.16,0.41,0.15,1699.76,3818.4,310.2
1970-01-31,37.8,1.21,0.17,58.4,52.18,0.17,0.41,0.17,1626.3,3842.7,302.4
1970-02-28,38.0,1.21,0.17,58.4,52.18,0.17,0.41,0.16,1657.2,3767.7,298.0
1970-03-31,38.2,1.21,0.17,58.4,52.18,0.19,0.41,0.16,1754.0,3796.4,296.0
1970-04-30,38.5,1.21,0.17,58.4,52.18,0.17,0.42,0.16,1741.6,3849.3,293.4
1970-05-31,38.6,1.21,0.17,58.4,52.18,0.19,0.42,0.17,1597.9,3736.8,291.7
1970-06-30,38.8,1.21,0.17,58.4,52.18,0.18,0.42,0.17,1458.0,3542.8,293.2
1970-07-31,39.0,1.21,0.17,58.4,52.54,0.15,0.42,0.17,1366.6,3498.7,298.1
1970-08-31,39.0,1.21,0.17,58.4,54.01,0.16,0.42,0.17,1266.5,3620.0,298.1
1970-09-30,39.2,1.21,0.17,58.4,56.22,0.16,0.42,0.17,1246.9,3646.4,300.0
1970-10-31,39.4,1.21,0.17,58.4,58.79,0.17,0.43,0.17,1142.4,3668.5,296.5
1970-11-30,39.6,1.21,0.17,58.4,60.99,0.15,0.43,0.16,1085.3,3615.6,293.2
1970-12-31,39.8,1.21,0.17,58.4,63.2,0.13,0.43,0.17,1045.7,3496.5,289.2
1971-01-31,39.8,1.64,0.18,58.4,63.57,0.14,0.43,0.17,1010.0,3465.7,284.6
1971-02-28,39.9,1.64,0.18,58.4,63.57,0.14,0.43,0.17,1020.2,3463.5,272.1
1971-03-31,40.0,1.64,0.18,58.4,62.83,0.14,0.43,0.17,1144.1,3527.4,283.7
1971-04-30,40.1,1.64,0.18,58.4,62.46,0.14,0.43,0.17,1251.5,3562.7,283.5
1971-05-31,40.3,1.64,0.18,58.4,63.2,0.14,0.44,0.17,1114.4,3520.8,287.7
1971-06-30,40.6,1.64,0.18,58.4,61.36,0.14,0.44,0.18,1074.2,3448.0,308.6
1971-07-31,40.7,1.74,0.18,58.4,61.36,0.14,0.44,0.18,1115.3,3456.8,317.6
1971-08-31,40.8,1.74,0.18,58.4,60.99,0.15,0.44,0.18,1097.9,3478.9,322.5
1971-09-30,40.8,1.74,0.18,58.4,60.99,0.15,0.44,0.17,1056.4,3525.2,311.2
1971-10-31,40.9,1.74,0.18,58.4,60.26,0.14,0.45,0.17,1041.2,3489.9,336.6
1971-11-30,40.9,1.74,0.18,58.4,60.26,0.14,0.45,0.18,1013.9,3534.0,344.4
1971-12-31,41.1,1.74,0.18,58.4,59.89,0.14,0.45,0.18,1037.9,3670.7,358.9
1972-01-31,41.1,1.77,0.19,51.33,59.89,0.13,0.45,0.19,1078.0,3626.6,379.8
1972-02-29,41.3,1.77,0.19,51.72,59.89,0.14,0.46,0.19,1112.4,3631.0,389.7
1972-03-31,41.4,1.77,0.19,52.51,59.89,0.13,0.46,0.19,1108.2,3789.7,397.4
1972-04-30,41.5,1.77,0.19,53.68,60.26,0.14,0.46,0.19,1133.0,3844.9,395.0
1972-05-31,41.6,1.77,0.19,54.48,60.26,0.14,0.47,0.18,1106.4,3765.5,386.2
1972-06-30,41.7,1.77,0.19,52.9,59.89,0.14,0.47,0.18,1063.2,3741.2,371.0
1972-07-31,41.9,1.87,0.19,54.07,60.26,0.13,0.47,0.19,1034.6,3732.4,363.7
1972-08-31,42.0,1.87,0.19,55.66,62.1,0.14,0.48,0.19,1046.7,3754.5,363.5
1972-09-30,42.1,1.87,0.19,59.2,76.06,0.13,0.48,0.19,1060.6,3803.0,368.4
1972-10-31,42.3,1.87,0.19,57.22,87.45,0.14,0.48,0.19,917.5,3758.9,363.7
1972-11-30,42.4,1.87,0.19,59.2,88.92,0.14,0.49,0.19,1007.1,3701.6,378.9
1972-12-31,42.5,1.87,0.19,67.06,102.88,0.13,0.5,0.19,1024.4,3730.2,375.0
1973-01-31,42.6,2.08,0.21,79.13,108.39,0.14,0.5,0.21,1119.0,3789.7,387.0
1973-02-28,42.9,2.08,0.21,81.1,98.84,0.14,0.51,0.2,1243.6,4027.8,422.0
1973-03-31,43.3,2.08,0.21,79.92,98.47,0.14,0.51,0.21,1509.5,4288.0,474.0
1973-04-30,43.6,2.35,0.21,77.77,101.05,0.15,0.52,0.21,1588.4,4270.3,513.0
1973-05-31,43.9,2.35,0.21,88.97,102.15,0.16,0.53,0.22,1552.2,4347.5,549.0
1973-06-30,44.2,2.35,0.21,101.17,108.39,0.16,0.54,0.23,1748.7,4530.5,656.0
1973-07-31,44.3,2.7,0.21,109.44,114.64,0.15,0.55,0.23,2021.2,4962.6,842.0
1973-08-31,45.1,2.7,0.21,122.43,192.54,0.15,0.54,0.24,2123.0,5004.5,914.0
1973-09-30,45.2,2.7,0.21,107.08,189.6,0.14,0.53,0.24,1936.1,5011.1,976.0
1973-10-31,45.6,4.1,0.21,106.39,182.25,0.15,0.54,0.25,2065.3,5359.4,1163.0
1973-11-30,45.9,4.1,0.21,107.87,181.88,0.14,0.54,0.24,2273.0,5573.3,1625.0
1973-12-31,46.2,4.1,0.21,112.59,199.52,0.13,0.55,0.25,2244.3,6461.7,1623.0
1974-01-31,46.6,13.0,0.29,112.28,213.48,0.17,0.55,0.28,2032.4,6503.6,1330.0
1974-02-28,47.2,13.0,0.29,131.1,220.46,0.16,0.55,0.38,2291.7,7418.5,1516.0
1974-03-31,47.8,13.0,0.29,126.37,190.7,0.14,0.55,0.4,2743.4,8218.8,1630.0
1974-04-30,48.0,10.6,0.29,114.17,162.04,0.16,0.55,0.42,3031.8,9206.5,1743.0
1974-05-31,48.6,10.6,0.29,113.7,141.46,0.21,0.55,0.51,2875.7,9305.7,1782.0
1974-06-30,49.0,10.6,0.29,116.63,155.79,0.19,0.55,0.58,2440.0,9041.1,1410.0
1974-07-31,49.4,10.0,0.29,132.28,169.02,0.22,0.56,0.63,1919.1,8547.3,1097.0
1974-08-31,50.0,10.0,0.29,145.82,167.55,0.19,0.56,0.72,1802.9,8787.6,1066.0
1974-09-30,50.6,10.0,0.29,141.43,170.49,0.22,0.57,0.74,1460.5,9166.8,911.0
1974-10-31,51.1,10.3,0.29,151.57,192.17,0.19,0.57,0.86,1398.8,7409.7,825.0
1974-11-30,51.5,10.3,0.29,144.09,187.39,0.17,0.57,1.26,1416.7,7403.1,794.0
1974-12-31,51.9,10.3,0.29,145.27,185.92,0.17,0.57,1.03,1289.0,7202.5,771.0
1975-01-31,52.1,10.42,0.43,131.73,164.24,0.22,0.57,0.89,1211.2,7676.5,799.0
1975-02-28,52.5,10.42,0.43,120.47,153.22,0.24,0.57,0.8,1266.5,7557.4,794.0
1975-03-31,52.7,10.42,0.43,120.17,147.34,0.25,0.57,0.63,1344.2,7383.3,803.0
1975-04-30,52.9,10.42,0.43,119.66,140.36,0.25,0.58,0.57,1329.2,7129.7,783.0
1975-05-31,53.2,10.42,0.43,114.52,131.54,0.25,0.58,0.42,1253.8,6898.3,747.0
1975-06-30,53.6,10.42,0.43,119.1,127.13,0.24,0.58,0.35,1193.0,6926.9,751.0
1975-07-31,54.2,10.43,0.43,119.82,145.14,0.17,0.58,0.44,1222.4,6810.1,707.0
1975-08-31,54.3,10.43,0.43,131.56,162.77,0.2,0.59,0.47,1277.1,6774.8,737.0
1975-09-30,54.6,10.43,0.43,122.31,165.71,0.22,0.59,0.38,1210.1,6558.7,724.0
1975-10-31,54.9,10.46,0.43,116.87,161.67,0.19,0.59,0.34,1178.8,6347.1,706.0
1975-11-30,55.3,10.46,0.43,110.26,146.97,0.2,0.59,0.33,1179.7,6281.0,705.0
1975-12-31,55.5,10.46,0.43,109.15,142.57,0.19,0.59,0.33,1151.0,6175.1,686.0
1976-01-31,55.6,11.51,0.54,110.26,143.67,0.24,0.59,0.34,1193.0,6241.3,692.0
1976-02-29,55.8,11.51,0.54,113.24,152.85,0.26,0.59,0.33,1219.0,6508.0,690.0
1976-03-31,55.9,11.51,0.54,113.06,152.49,0.27,0.6,0.36,1329.0,6902.7,728.0
1976-04-30,56.1,11.51,0.55,111.1,145.5,0.27,0.6,0.34,1510.0,7123.1,789.0
1976-05-31,56.5,11.51,0.55,118.2,141.83,0.28,0.61,0.35,1512.0,7449.4,774.0
1976-06-30,56.8,11.51,0.58,121.8,146.24,0.27,0.61,0.32,1550.0,7766.9,750.0
1976-07-31,57.1,11.6,0.58,121.3,142.2,0.26,0.62,0.32,1647.0,8496.6,776.0
1976-08-31,57.4,11.6,0.6,116.1,126.4,0.27,0.62,0.25,1539.0,8084.3,741.0
1976-09-30,57.6,11.6,0.6,115.0,119.78,0.26,0.62,0.22,1459.0,7960.9,712.0
1976-10-31,57.9,11.9,0.62,106.2,111.33,0.27,0.62,0.23,1285.0,7971.9,639.0
1976-11-30,58.0,11.9,0.63,98.7,106.56,0.23,0.62,0.23,1279.0,8121.8,604.0
1976-12-31,58.2,11.9,0.64,103.5,106.19,0.24,0.63,0.23,1287.0,8399.6,642.0
1977-01-31,58.5,12.5,0.67,111.6,108.76,0.24,0.63,0.24,1396.0,9486.5,692.0
1977-02-28,59.1,12.5,0.71,110.6,110.6,0.3,0.64,0.24,1426.0,10227.2,703.0
1977-03-31,59.5,12.5,0.75,108.0,106.92,0.33,0.64,0.26,1515.0,10372.7,719.0
1977-04-30,60.0,12.45,0.77,105.8,102.15,0.3,0.65,0.28,1429.0,9596.7,655.0
1977-05-31,60.3,12.45,0.77,100.9,94.8,0.32,0.65,0.25,1371.0,9843.6,611.0
1977-06-30,60.7,12.45,0.82,94.5,92.96,0.29,0.65,0.23,1312.0,9627.6,542.0
1977-07-31,61.0,12.63,0.83,85.0,96.64,0.23,0.65,0.22,1248.0,10416.8,542.0
1977-08-31,61.2,12.63,0.82,76.9,95.53,0.24,0.65,0.25,1160.0,11309.7,520.0
1977-09-30,61.4,12.63,0.83,78.3,99.94,0.25,0.65,0.23,1195.0,11157.6,518.0
1977-10-31,61.6,12.68,0.84,83.2,103.98,0.26,0.66,0.23,1210.0,12153.8,511.0
1977-11-30,61.9,12.68,0.83,93.4,111.7,0.26,0.67,0.23,1182.0,12676.6,525.0
1977-12-31,62.1,12.68,0.84,96.0,114.64,0.26,0.67,0.26,1261.0,12784.6,538.0
1978-01-31,62.5,12.66,0.87,95.8,114.27,0.26,0.67,0.29,1261.0,12121.0,518.0
1978-02-28,62.9,12.66,0.88,101.0,115.74,0.3,0.68,0.33,1217.0,12149.7,478.0
1978-03-31,63.4,12.66,0.89,106.1,124.19,0.35,0.68,0.31,1254.0,11422.1,507.0
1978-04-30,63.9,12.68,0.88,111.5,130.81,0.36,0.69,0.31,1285.0,11005.5,553.0
1978-05-31,64.5,12.7,0.91,112.69,124.56,0.36,0.69,0.3,1303.0,11704.3,562.0
1978-06-30,65.2,12.73,0.91,106.55,126.4,0.26,0.69,0.3,1333.0,12356.9,578.0
1978-07-31,65.7,12.77,0.89,97.26,127.13,0.24,0.7,0.28,1337.0,12414.2,584.0
1978-08-31,66.0,12.79,0.91,92.02,127.5,0.25,0.7,0.29,1426.0,12994.5,618.0
1978-09-30,66.5,12.8,0.92,90.99,130.81,0.25,0.7,0.32,1442.0,13889.1,634.0
1978-10-31,67.1,12.85,0.92,95.94,137.42,0.26,0.71,0.35,1506.0,15256.0,713.0
1978-11-30,67.4,13.2,0.93,100.54,137.79,0.27,0.71,0.31,1481.0,15035.5,695.0
1978-12-31,67.7,14.5,0.96,98.52,136.32,0.29,0.72,0.31,1533.0,14153.7,687.0
1979-01-31,68.3,17.45,1.02,105.41,137.79,0.27,0.72,0.32,1659.0,13853.8,720.0
1979-02-28,69.1,20.75,1.05,107.01,140.36,0.31,0.72,0.34,1944.0,14526.2,793.0
1979-03-31,69.8,22.02,1.1,109.52,139.99,0.32,0.73,0.34,2050.0,15022.3,795.0
1979-04-30,70.6,22.43,1.11,111.49,139.99,0.37,0.73,0.32,2100.0,15136.9,789.0
1979-05-31,71.5,33.5,1.15,112.57,143.3,0.37,0.73,0.32,1926.0,15361.8,778.0
1979-06-30,72.3,34.67,1.17,120.35,167.92,0.38,0.74,0.32,1877.9,16135.6,754.0
1979-07-31,73.1,33.5,1.2,130.51,174.53,0.34,0.74,0.34,1814.0,15780.7,722.0
1979-08-31,73.8,34.0,1.24,118.85,169.02,0.3,0.74,0.35,1976.4,14793.0,665.0
1979-09-30,74.6,35.5,1.24,117.96,174.16,0.3,0.75,0.35,2095.9,15399.3,724.0
1979-10-31,75.2,37.25,1.28,119.1,178.21,0.31,0.75,0.35,2075.9,16012.2,707.0
1979-11-30,75.9,40.75,1.29,118.2,178.21,0.31,0.76,0.36,2090.0,16360.5,702.0
1979-12-31,76.7,39.75,1.31,115.3,180.04,0.34,0.76,0.4,2214.0,16986.6,751.0
1980-01-31,77.8,39.0,1.37,105.4,175.63,0.4,0.75,0.43,2601.0,17013.0,774.0
1980-02-29,78.9,37.25,1.42,113.9,172.7,0.37,0.72,0.54,2918.0,17100.4,870.0
1980-03-31,80.1,37.0,1.46,110.4,163.51,0.42,0.7,0.47,2306.0,17470.3,743.0
1980-04-30,81.0,36.58,1.51,108.2,156.53,0.4,0.68,0.5,2070.0,17017.2,708.0
1980-05-31,81.8,37.05,1.56,110.0,161.3,0.44,0.68,0.7,2037.0,17041.7,691.5
1980-06-30,82.7,37.0,1.57,113.6,157.63,0.34,0.69,0.71,2006.0,17223.9,678.1
1980-07-31,82.7,35.38,1.64,128.9,168.65,0.35,0.76,0.63,2176.0,17090.8,714.0
1980-08-31,83.3,32.95,1.64,143.45,171.23,0.34,0.8,0.73,2082.1,17018.4,769.0
1980-09-30,84.0,32.83,1.69,140.8,179.68,0.35,0.84,0.77,2060.0,17308.3,796.0
1980-10-31,84.8,37.35,1.71,140.4,188.13,0.35,0.85,0.92,2040.0,16692.1,805.0
1980-11-30,85.5,40.3,1.76,146.6,195.11,0.38,0.82,0.87,2010.0,15615.5,802.0
1980-12-31,86.3,39.75,1.74,141.5,182.62,0.37,0.81,0.67,1879.0,14707.0,784.0
1981-01-31,87.0,39.77,1.77,148.81,189.6,0.39,0.79,0.65,1869.1,14332.7,777.4
1981-02-28,87.9,37.9,1.81,143.3,181.51,0.44,0.81,0.57,1801.0,13633.4,731.0
1981-03-31,88.5,37.6,1.86,142.13,175.27,0.46,0.79,0.52,1818.0,13633.0,751.0
1981-04-30,89.1,36.37,1.93,145.5,180.41,0.43,0.77,0.44,1821.0,13365.0,824.0
1981-05-31,89.8,34.28,1.95,141.3,171.59,0.45,0.74,0.38,1742.0,12663.5,851.0
1981-06-30,90.6,32.71,1.95,136.1,168.65,0.39,0.76,0.42,1700.0,12603.5,840.0
1981-07-31,91.6,33.51,2.01,137.56,167.92,0.33,0.81,0.42,1681.9,13358.0,865.1
1981-08-31,92.3,33.98,2.02,127.11,170.12,0.31,0.79,0.38,1787.0,14485.0,955.0
1981-09-30,93.2,33.99,2.08,115.5,171.23,0.44,0.77,0.34,1710.4,14935.1,939.2
1981-10-31,93.4,34.61,2.11,112.67,168.65,0.39,0.76,0.35,1666.3,15112.6,891.7
1981-11-30,93.7,35.68,2.15,111.76,178.57,0.4,0.75,0.36,1651.4,15836.2,876.9
1981-12-31,94.0,35.41,2.16,107.63,176.0,0.42,0.74,0.38,1655.3,15951.5,845.5
1982-01-31,94.3,35.3,2.23,115.35,173.06,0.42,0.76,0.4,1610.6,16133.1,818.5
1982-02-28,94.6,34.8,2.3,112.59,170.86,0.38,0.77,0.39,1598.0,15992.6,822.9
1982-03-31,94.5,32.6,2.35,114.17,168.65,0.42,0.76,0.38,1510.4,12766.3,789.7
1982-04-30,94.9,30.7,2.4,117.76,169.76,0.48,0.76,0.39,1521.7,12618.1,742.5
1982-05-31,95.8,30.6,2.45,118.11,167.55,0.44,0.77,0.43,1527.7,12735.9,750.2
1982-06-30,97.0,31.05,2.45,114.95,155.79,0.4,0.78,0.46,1300.0,11087.0,691.9
1982-07-31,97.5,33.35,2.47,114.95,151.75,0.33,0.79,0.49,1440.9,11316.6,726.9
1982-08-31,97.7,33.2,2.53,102.28,152.49,0.3,0.76,0.49,1451.5,12195.7,715.5
1982-09-30,97.9,33.1,2.56,100.88,152.85,0.35,0.76,0.46,1426.5,12675.7,749.5
1982-10-31,98.2,32.95,2.6,91.73,146.61,0.29,0.75,0.45,1461.0,12413.8,751.3
1982-11-30,98.0,33.0,2.62,102.87,155.06,0.33,0.74,0.46,1443.8,11981.9,710.0
1982-12-31,97.6,32.55,2.62,105.51,159.83,0.34,0.72,0.46,1473.2,11992.9,668.5
1983-01-31,97.8,31.06,2.66,107.84,164.98,0.34,0.73,0.47,1571.9,12082.6,699.1
1983-02-28,97.9,29.24,2.66,117.32,164.24,0.38,0.74,0.48,1647.4,13034.2,681.4
1983-03-31,97.9,28.66,2.58,125.19,166.08,0.41,0.75,0.48,1597.7,13426.0,678.4
1983-04-30,98.6,30.63,2.53,133.43,167.18,0.48,0.72,0.49,1674.9,13792.8,697.5
1983-05-31,99.2,29.98,2.53,133.85,160.2,0.55,0.73,0.5,1765.7,13522.9,735.6
1983-06-30,99.5,30.95,2.59,135.03,151.75,0.5,0.75,0.5,1701.2,13354.0,718.4
1983-07-31,99.9,31.6,2.52,140.59,147.34,0.5,0.78,0.49,1704.3,13193.0,739.8
1983-08-31,100.2,31.96,2.58,152.75,152.49,0.46,0.79,0.5,1639.8,12826.0,808.9
1983-09-30,100.7,31.26,2.67,147.75,156.53,0.42,0.82,0.49,1560.7,12755.3,837.8
1983-10-31,101.0,30.4,2.58,148.15,152.85,0.41,0.78,0.48,1435.2,12750.8,859.0
1983-11-30,101.2,30.0,2.6,147.02,151.75,0.34,0.81,0.48,1389.1,12772.5,859.1
1983-12-31,101.3,29.24,2.61,143.28,153.59,0.34,0.86,0.47,1415.2,12345.5,857.0
1984-01-31,101.9,29.84,2.67,141.92,152.85,0.34,0.89,0.47,1375.7,12117.8,957.8
1984-02-29,102.4,30.08,2.71,137.0,150.65,0.42,0.92,0.48,1429.8,12297.7,998.4
1984-03-31,102.6,30.73,2.67,147.08,153.96,0.41,0.91,0.49,1501.2,12406.1,1040.6
1984-04-30,103.1,30.63,2.64,148.02,157.26,0.41,0.9,0.49,1532.6,12445.0,1004.1
1984-05-31,103.4,30.45,2.67,146.06,153.96,0.43,0.87,0.49,1420.9,12582.8,1001.3
1984-06-30,103.7,30.04,2.7,146.97,149.91,0.46,0.87,0.49,1366.5,12662.2,941.5
1984-07-31,104.1,28.79,2.68,142.59,146.97,0.37,0.89,0.48,1330.8,12438.7,853.6
1984-08-31,104.5,29.17,2.69,138.75,152.49,0.34,0.85,0.48,1337.5,12302.2,834.1
1984-09-30,105.0,29.3,2.62,130.41,155.06,0.38,0.86,0.48,1293.6,12091.1,873.3
1984-10-31,105.3,28.64,2.63,121.19,152.85,0.31,0.84,0.48,1273.0,11744.9,843.7
1984-11-30,105.3,28.16,2.61,117.37,152.49,0.27,0.84,0.47,1345.1,11991.2,855.1
1984-12-31,105.3,26.7,2.57,113.95,149.55,0.3,0.82,0.47,1321.1,11722.2,859.7
1985-01-31,105.5,25.65,2.64,119.01,149.18,0.38,0.84,0.46,1359.1,11073.4,867.1
1985-02-28,106.0,27.35,2.71,119.78,147.34,0.44,0.85,0.45,1388.5,10946.0,886.6
1985-03-31,106.4,28.3,2.62,120.19,145.14,0.45,0.84,0.46,1389.9,11210.6,920.9
1985-04-30,106.9,28.85,2.64,120.05,143.67,0.48,0.84,0.46,1501.8,11806.4,931.3
1985-05-31,107.3,27.65,2.53,116.73,136.32,0.46,0.82,0.46,1530.6,11909.8,881.3
1985-06-30,107.6,27.2,2.58,116.04,134.11,0.38,0.84,0.47,1432.4,12385.8,808.0
1985-07-31,107.8,26.85,2.51,114.91,128.6,0.32,0.83,0.47,1474.6,12755.8,766.8
1985-08-31,108.0,27.6,2.47,105.53,123.09,0.42,0.83,0.45,1420.2,12647.2,735.1
1985-09-30,108.3,27.65,2.42,101.91,125.3,0.36,0.84,0.43,1366.4,12325.2,689.5
1985-10-31,108.7,28.85,2.37,98.58,127.5,0.28,0.82,0.41,1384.7,12391.1,631.9
1985-11-30,109.0,29.85,2.36,106.2,132.64,0.28,0.85,0.42,1369.5,9903.2,597.5
1985-12-31,109.3,27.35,2.28,107.87,137.05,0.28,0.87,0.44,1390.9,9114.0,685.3
1986-01-31,109.6,22.9,2.28,107.79,132.28,0.33,0.84,0.45,1418.3,7910.0,644.0
1986-02-28,109.3,15.4,2.26,103.19,129.71,0.39,0.85,0.46,1405.5,7922.9,608.7
1986-03-31,108.8,12.65,2.16,100.88,134.48,0.5,0.85,0.46,1445.1,7313.6,625.7
1986-04-30,108.6,12.9,2.1,101.33,132.64,0.58,0.83,0.45,1434.6,5686.1,659.9
1986-05-31,108.9,15.45,1.96,105.55,119.42,0.39,0.85,0.46,1418.74,5474.2,707.3
1986-06-30,109.5,13.5,1.85,103.54,105.82,0.35,0.88,0.46,1413.14,5378.3,804.2
1986-07-31,109.5,11.55,1.8,83.03,101.78,0.33,0.98,0.46,1344.3,5386.6,807.1
1986-08-31,109.7,15.3,1.77,72.31,102.15,0.32,1.06,0.46,1303.1,5404.3,816.0
1986-09-30,110.2,14.95,1.78,65.7,103.62,0.42,1.01,0.46,1347.0,5397.2,871.1
1986-10-31,110.3,14.9,1.73,65.31,104.72,0.37,1.0,0.46,1316.8,5542.8,886.2
1986-11-30,110.4,15.25,1.77,72.43,105.09,0.29,0.99,0.47,1303.2,6092.3,820.0
1986-12-31,110.5,16.25,1.76,69.64,107.29,0.31,0.97,0.47,1335.6,6428.1,798.2
1987-01-31,111.2,18.6,1.74,67.91,109.13,0.42,0.96,0.47,1346.0,6712.7,759.7
1987-02-28,111.6,17.75,1.73,66.14,112.07,0.46,0.95,0.48,1379.83,6688.4,740.4
1987-03-31,112.1,18.45,1.73,71.6,115.38,0.45,0.92,0.48,1465.72,6631.5,731.6
1987-04-30,112.7,18.65,1.69,74.88,113.17,0.35,0.91,0.48,1484.24,6699.8,761.9
1987-05-31,113.1,19.4,1.65,81.84,119.05,0.45,0.91,0.49,1520.44,6747.4,838.7
1987-06-30,113.5,20.05,1.65,80.7,108.76,0.38,0.89,0.49,1571.87,6610.4,878.4
1987-07-31,113.8,21.3,1.66,76.37,104.72,0.44,0.88,0.49,1694.62,6404.9,829.8
1987-08-31,114.4,20.2,1.63,71.65,106.92,0.34,0.91,0.48,1756.31,6556.1,804.1
1987-09-30,115.0,19.5,1.56,73.57,112.07,0.35,0.92,0.48,1811.01,6406.3,756.7
1987-10-31,115.3,19.85,1.57,78.85,113.91,0.27,0.91,0.48,1967.2,6763.8,769.9
1987-11-30,115.4,18.85,1.64,81.69,115.01,0.41,0.88,0.48,2523.9,6927.3,848.0
1987-12-31,115.4,17.3,1.7,83.16,124.56,0.39,0.86,0.48,2868.9,6829.4,866.3
1988-01-31,115.7,17.15,1.96,85.92,128.6,0.45,0.87,0.48,2663.2,6808.1,878.5
1988-02-29,116.0,16.75,1.84,87.99,131.54,0.49,0.88,0.49,2330.2,6690.1,876.4
1988-03-31,116.5,16.2,1.7,90.23,124.93,0.53,0.88,0.49,2359.3,6772.9,981.9
1988-04-30,117.1,17.85,1.59,89.52,126.77,0.48,0.89,0.49,2286.3,6752.6,1069.2
1988-05-31,117.5,17.4,1.52,89.32,128.97,0.56,0.94,0.49,2447.99,6777.6,1176.7
1988-06-30,118.0,16.65,1.53,120.27,149.91,0.6,1.01,0.5,2540.27,7035.8,1365.3
1988-07-31,118.5,15.5,1.56,125.49,149.55,0.42,1.1,0.52,2213.51,7148.8,1237.4
1988-08-31,119.0,15.55,1.62,119.92,149.91,0.36,1.12,0.48,2200.68,7322.7,1309.2
1988-09-30,119.8,14.45,1.53,121.37,159.47,0.53,1.14,0.48,2435.53,7408.5,1330.3
1988-10-31,120.2,13.8,1.68,121.35,162.04,0.42,1.09,0.48,2939.51,7252.7,1519.9
1988-11-30,120.3,14.0,1.76,114.43,163.88,0.41,1.06,0.48,3304.66,7312.4,1559.0
1988-12-31,120.5,16.3,1.89,116.88,166.82,0.5,1.05,0.48,3498.91,7337.4,1594.3
1989-01-31,121.1,18.0,1.78,118.2,173.8,0.43,1.07,0.48,3394.06,7409.6,1734.0
1989-02-28,121.6,17.8,1.71,117.42,171.96,0.49,1.07,0.49,3096.92,7873.7,1932.4
1989-03-31,122.3,19.45,1.49,118.38,178.21,0.7,1.09,0.49,3264.14,8760.5,1961.6
1989-04-30,123.1,20.95,1.53,115.74,174.53,0.72,1.11,0.49,3117.91,10195.9,1656.4
1989-05-31,123.8,20.05,1.66,117.64,176.37,0.66,1.15,0.49,2738.98,10143.7,1628.4
1989-06-30,124.1,20.0,1.7,112.99,168.65,0.53,1.16,0.51,2546.01,9935.5,1539.0
1989-07-31,124.4,19.75,1.64,108.7,166.82,0.45,1.14,0.52,2505.0,9605.2,1616.9
1989-08-31,124.6,18.55,1.58,100.92,164.24,0.51,1.13,0.52,2762.2,8715.6,1730.4
1989-09-30,125.0,19.6,1.53,103.37,163.51,0.52,1.12,0.52,2884.4,8269.7,1628.9
1989-10-31,125.6,20.1,1.6,107.28,164.61,0.55,1.08,0.51,2861.4,7922.4,1584.6
1989-11-30,125.9,19.8,1.9,108.48,163.51,0.51,1.05,0.51,2591.3,6837.3,1437.6
1989-12-31,126.1,21.1,2.24,109.17,164.61,0.5,1.05,0.5,2418.6,6744.1,1455.0
1990-01-31,127.4,22.65,2.39,105.6,167.92,0.59,1.05,0.51,2366.64,6592.0,1297.0
1990-02-28,128.0,22.1,1.9,106.07,160.94,0.64,1.07,0.5,2360.16,6156.1,1396.8
1990-03-31,128.7,20.4,1.55,109.7,156.53,0.54,1.11,0.52,2625.61,6270.5,1607.4
1990-04-30,128.9,18.6,1.49,118.82,159.47,0.58,1.08,0.52,2686.15,6390.9,1685.6
1990-05-31,129.2,18.45,1.47,121.04,149.18,0.49,1.08,0.52,2741.95,6324.6,1774.6
1990-06-30,129.9,16.85,1.47,120.86,135.58,0.53,1.11,0.51,2584.56,6096.0,1714.8
1990-07-31,130.4,18.65,1.41,114.91,124.93,0.63,1.1,0.52,2769.49,5924.4,1637.0
1990-08-31,131.6,27.15,1.36,110.05,116.84,0.55,1.1,0.51,2957.03,5905.2,1615.1
1990-09-30,132.7,33.7,1.44,101.52,114.27,0.52,1.09,0.51,3031.37,5707.0,1537.5
1990-10-31,133.5,35.9,1.69,100.34,114.64,0.49,1.07,0.51,2743.56,6061.4,1352.6
1990-11-30,133.8,32.3,2.1,100.39,112.8,0.43,1.07,0.51,2585.89,5981.3,1277.7
1990-12-31,133.8,27.15,2.11,102.01,113.17,0.5,1.05,0.5,2485.38,5615.2,1265.4
1991-01-31,134.6,24.7,1.67,105.67,111.33,0.6,1.05,0.48,2448.52,5623.2,1206.2
1991-02-28,134.8,20.55,1.36,106.1,113.91,0.69,1.08,0.47,2449.38,5583.7,1188.1
1991-03-31,135.0,19.9,1.34,109.54,119.42,0.84,1.07,0.47,2409.63,5517.4,1198.6
1991-04-30,135.2,20.8,1.33,110.33,120.89,0.78,1.06,0.47,2472.04,5560.0,1252.9
1991-05-31,135.6,21.25,1.31,105.7,121.99,0.63,1.06,0.47,2305.88,5701.7,1090.9
1991-06-30,136.0,20.2,1.2,104.21,120.15,0.63,1.05,0.47,2219.28,5710.6,1061.6
1991-07-31,136.2,21.45,1.19,105.11,118.31,0.4,1.07,0.47,2236.28,5669.6,1063.1
1991-08-31,136.6,21.7,1.31,110.43,125.3,0.48,1.05,0.48,2233.19,5638.8,1046.3
1991-09-30,137.2,21.85,1.63,108.85,135.22,0.37,1.05,0.49,2324.57,5570.3,1023.2
1991-10-31,137.4,23.25,1.77,109.7,146.97,0.45,1.06,0.48,2363.64,5549.6,991.7
1991-11-30,137.8,22.6,1.81,106.49,149.55,0.44,1.04,0.48,2379.84,5505.5,1093.3
1991-12-31,137.9,19.55,1.92,106.91,160.94,0.4,1.04,0.47,2223.14,5510.1,1188.0
1992-01-31,138.1,18.8,1.28,109.31,170.12,0.57,1.05,0.47,2139.23,5476.9,1153.7
1992-02-29,138.6,19.0,1.21,113.62,177.1,0.61,1.03,0.48,2205.97,5615.7,1130.7
1992-03-31,139.3,18.95,1.28,117.0,169.39,0.61,1.04,0.47,2227.33,5632.0,1214.6
1992-04-30,139.5,20.25,1.47,108.52,159.83,0.42,1.04,0.47,2215.33,5838.9,1304.3
1992-05-31,139.7,21.0,1.59,109.64,149.55,0.43,1.04,0.46,2216.52,6121.1,1372.9
1992-06-30,140.2,22.35,1.56,110.9,148.81,0.4,1.05,0.46,2299.2,6618.8,1385.2
1992-07-31,140.5,21.75,1.75,102.75,136.32,0.43,1.06,0.46,2520.32,6989.4,1320.2
1992-08-31,140.9,21.3,1.97,96.96,128.24,0.62,1.08,0.47,2521.64,6780.4,1360.4
1992-09-30,141.3,21.9,2.33,98.05,138.89,0.51,1.08,0.48,2414.06,6643.2,1366.9
1992-10-31,141.8,21.7,2.42,95.11,140.73,0.39,1.06,0.48,2249.15,6016.7,1163.6
1992-11-30,142.0,20.35,2.24,94.48,147.71,0.38,1.09,0.47,2158.32,5723.0,1046.9
1992-12-31,141.9,19.4,2.16,94.61,147.71,0.31,1.09,0.46,2206.82,5756.2,1057.9
1993-01-31,142.6,19.05,1.88,94.21,155.79,0.52,1.11,0.46,2256.85,5900.9,1061.1
1993-02-28,143.1,20.05,1.69,94.38,148.81,0.59,1.13,0.46,2212.6,5790.9,1072.1
1993-03-31,143.6,20.35,2.18,97.14,148.08,0.66,1.15,0.48,2152.59,5659.4,996.1
1993-04-30,144.0,20.3,2.35,100.55,141.83,0.56,1.18,0.48,1949.88,5590.9,1004.6
1993-05-31,144.2,20.0,2.17,98.59,136.69,0.46,1.24,0.47,1794.5,5503.5,980.4
1993-06-30,144.4,19.15,1.97,92.76,121.99,0.39,1.23,0.47,1853.42,5112.7,926.0
1993-07-31,144.4,17.9,2.06,101.25,127.5,0.35,1.25,0.48,1927.16,4972.6,927.6
1993-08-31,144.8,18.0,2.26,100.31,129.71,0.32,1.28,0.48,1947.45,4809.3,884.0
1993-09-30,145.1,17.5,2.27,100.9,131.17,0.35,1.27,0.48,1861.86,4493.6,874.2
1993-10-31,145.7,18.15,2.02,106.53,135.95,0.33,1.23,0.48,1646.4,4681.1,914.9
1993-11-30,145.8,16.75,2.26,116.67,146.61,0.37,1.21,0.48,1630.02,4640.9,928.4
1993-12-31,145.8,15.55,2.34,121.79,158.73,0.41,1.18,0.48,1724.19,4777.9,974.4
1994-01-31,146.2,15.0,2.34,127.23,153.22,0.53,1.16,0.49,1805.35,4942.8,996.7
1994-02-28,146.7,14.75,2.71,123.22,146.97,0.67,1.18,0.48,1866.4,5443.4,968.9
1994-03-31,147.2,14.65,2.21,119.4,141.1,0.51,1.22,0.48,1914.87,5405.4,935.9
1994-04-30,147.4,16.3,2.04,113.23,140.36,0.5,1.23,0.49,1881.82,5385.7,923.6
1994-05-31,147.5,17.85,1.92,109.59,139.99,0.38,1.3,0.49,2150.6,5504.4,955.6
1994-06-30,148.0,19.05,1.9,112.16,139.26,0.25,1.31,0.5,2364.2,5509.2,966.2
1994-07-31,148.4,19.65,1.96,97.83,137.42,0.45,1.28,0.5,2458.19,5311.2,964.0
1994-08-31,149.0,18.35,1.66,95.99,145.87,0.41,1.23,0.48,2406.23,5161.5,944.9
1994-09-30,149.4,17.45,1.49,97.51,158.73,0.44,1.24,0.48,2505.93,5321.1,992.4
1994-10-31,149.5,17.65,1.51,96.48,167.18,0.32,1.2,0.47,2547.67,5473.6,1058.5
1994-11-30,149.7,18.1,1.58,95.47,162.04,0.3,1.14,0.48,2802.45,6161.1,1151.7
1994-12-31,149.7,17.16,1.72,102.49,164.61,0.54,1.13,0.49,2985.3,5946.8,1114.3
1995-01-31,150.3,17.99,1.51,106.96,156.16,0.36,1.13,0.5,3008.93,6199.3,1156.5
1995-02-28,150.9,18.53,1.58,106.69,154.32,0.58,1.13,0.5,2877.65,5478.3,1032.2
1995-03-31,151.4,18.54,1.54,109.7,150.28,0.4,1.14,0.5,2924.04,5532.4,1022.2
1995-04-30,151.9,19.87,1.62,109.3,148.81,0.39,1.13,0.5,2903.5,5872.1,1061.4
1995-05-31,152.2,19.64,1.64,111.97,158.73,0.39,1.15,0.51,2773.31,5926.5,1036.2
1995-06-30,152.5,18.5,1.62,119.86,170.12,0.37,1.19,0.52,2994.64,6670.7,1009.6
1995-07-31,152.5,17.42,1.44,126.99,190.7,0.54,1.24,0.54,3075.67,6668.9,1026.8
1995-08-31,152.9,17.96,1.56,126.44,184.45,0.52,1.31,0.52,3036.84,6992.3,1014.4
1995-09-30,153.2,18.03,1.64,130.48,193.64,0.52,1.34,0.51,2915.52,6328.1,986.2
1995-10-31,153.7,17.33,1.77,140.86,203.73,0.43,1.29,0.51,2813.55,6220.7,979.1
1995-11-30,153.6,17.79,2.04,143.95,203.93,0.44,1.32,0.5,2977.36,6386.9,1030.7
1995-12-31,153.5,18.83,2.71,148.65,208.92,0.41,1.29,0.5,2926.26,6289.5,1018.1
1996-01-31,154.4,18.89,2.93,156.13,206.88,0.41,1.29,0.49,2616.41,6271.6,1019.1
1996-02-29,154.9,19.07,4.4,164.81,218.89,0.59,1.25,0.5,2537.71,6195.5,1035.8
1996-03-31,155.7,21.16,2.95,184.86,215.32,0.5,1.22,0.5,2561.02,6196.4,1063.9
1996-04-30,156.3,23.2,2.23,190.37,257.61,0.61,1.24,0.5,2595.78,6480.9,1045.4
1996-05-31,156.6,21.08,2.24,204.02,262.11,0.54,1.33,0.5,2658.26,6412.4,1035.8
1996-06-30,156.7,20.27,2.49,197.55,227.34,0.48,1.43,0.5,2173.4,6191.9,1008.5
1996-07-31,157.0,21.36,2.48,197.8,202.6,0.43,1.46,0.48,1985.57,6250.2,1000.1
1996-08-31,157.3,21.97,2.03,185.5,191.63,0.41,1.47,0.49,2008.57,6110.2,1006.9
1996-09-30,157.8,23.92,1.84,145.39,178.71,0.4,1.47,0.49,1941.45,6101.9,1000.3
1996-10-31,158.3,24.94,2.37,127.85,178.0,0.38,1.45,0.49,1961.17,5941.9,1003.1
1996-11-30,158.6,23.66,3.03,117.74,176.41,0.43,1.45,0.49,2230.86,5991.7,1046.5
1996-12-31,158.6,25.32,3.82,117.69,175.7,0.48,1.44,0.49,2268.08,5836.3,1036.3
1997-01-31,159.1,24.93,3.31,118.36,175.73,0.67,1.42,0.48,2434.93,5877.7,1086.5
1997-02-28,159.6,21.83,2.22,121.67,172.35,0.79,1.38,0.48,2405.85,5883.2,1179.4
1997-03-31,160.0,20.69,1.89,127.6,176.61,0.76,1.36,0.48,2421.29,5909.2,1254.8
1997-04-30,160.2,19.4,2.03,124.4,183.49,0.59,1.35,0.48,2391.18,5713.3,1240.4
1997-05-31,160.1,20.5,2.24,118.77,172.59,0.39,1.34,0.48,2514.33,5711.2,1310.5
1997-06-30,160.3,18.87,2.2,112.05,148.39,0.47,1.34,0.48,2612.62,5566.1,1354.2
1997-07-31,160.5,19.3,2.19,106.06,136.21,0.44,1.35,0.49,2450.46,5442.7,1518.0
1997-08-31,160.8,19.62,2.47,112.92,150.61,0.42,1.38,0.49,2251.2,5428.4,1653.5
1997-09-30,161.2,19.59,2.84,112.24,151.74,0.45,1.39,0.49,2107.3,5496.3,1640.9
1997-10-31,161.6,21.21,3.04,120.36,151.59,0.38,1.31,0.49,2052.26,5561.3,1280.1
1997-11-30,161.5,19.88,3.02,117.22,149.88,0.43,1.27,0.48,1917.45,5658.0,1173.0
1997-12-31,161.3,18.09,2.33,113.45,144.62,0.42,1.23,0.48,1762.33,5513.8,1102.2
1998-01-31,161.6,16.51,2.1,114.71,137.1,0.46,1.22,0.48,1688.45,5206.3,1097.2
1998-02-28,161.9,15.81,2.22,113.38,140.05,0.44,1.23,0.48,1664.8,5242.5,1044.0
1998-03-31,162.2,14.76,2.23,114.21,138.92,0.45,1.25,0.48,1747.98,5476.8,1047.6
1998-04-30,162.5,15.32,2.42,107.12,130.15,0.77,1.27,0.49,1800.9,5714.8,1097.0
1998-05-31,162.8,14.9,2.14,106.1,128.92,0.66,1.3,0.49,1732.53,5874.7,1061.1
1998-06-30,163.0,13.71,2.17,104.23,120.64,0.66,1.38,0.49,1660.52,5970.0,1009.8
1998-07-31,163.2,14.11,2.17,100.51,118.9,0.46,1.48,0.5,1651.04,5653.7,1040.3
1998-08-31,163.4,13.4,1.85,87.86,107.95,0.35,1.56,0.49,1620.93,5691.5,1029.8
1998-09-30,163.6,14.98,2.01,86.31,107.93,0.35,1.57,0.48,1647.64,5485.7,1000.0
1998-10-31,164.0,14.42,1.89,95.53,126.54,0.33,1.52,0.48,1586.39,5432.1,940.5
1998-11-30,164.0,12.96,2.1,98.12,130.21,0.56,1.48,0.48,1573.95,5478.3,967.1
1998-12-31,163.9,11.31,1.74,95.76,126.21,0.38,1.43,0.49,1473.57,5257.6,959.2
1999-01-31,164.3,12.49,1.86,97.44,125.29,0.49,1.39,0.49,1431.18,5109.8,932.8
1999-02-28,164.5,12.01,1.77,94.19,117.03,0.45,1.35,0.49,1410.78,5268.5,1017.3
1999-03-31,165.0,14.66,1.79,96.18,117.34,0.45,1.3,0.5,1378.35,5360.2,1030.0
1999-04-30,166.2,17.34,2.15,94.13,113.87,0.42,1.27,0.5,1466.0,5393.0,1019.0
1999-05-31,166.2,17.75,2.25,92.49,113.0,0.33,1.31,0.5,1511.16,5649.2,1040.3
1999-06-30,166.2,17.89,2.3,93.65,111.41,0.29,1.34,0.5,1422.48,5265.9,1000.5
1999-07-31,166.7,20.07,2.31,83.99,103.02,0.35,1.35,0.5,1640.0,5230.0,1072.1
1999-08-31,167.1,21.25,2.79,85.65,111.3,0.35,1.33,0.47,1647.62,5230.2,1130.6
1999-09-30,167.9,23.86,2.54,86.47,113.19,0.35,1.34,0.44,1750.34,5342.5,1193.8
1999-10-31,168.2,22.64,2.72,85.8,108.1,0.33,1.29,0.43,1724.12,5430.7,1148.7
1999-11-30,168.3,24.85,2.36,85.43,108.8,0.33,1.29,0.38,1727.55,5842.1,1147.2
1999-12-31,168.3,26.08,2.36,87.18,102.16,0.35,1.29,0.39,1764.75,5721.3,1183.8
2000-01-31,168.8,27.27,2.42,93.29,105.83,0.48,1.28,0.39,1843.98,5927.8,1178.8
2000-02-29,169.8,29.28,2.65,95.15,107.93,0.58,1.27,0.38,1800.83,5642.1,1094.9
2000-03-31,171.2,29.92,2.79,95.05,105.7,0.48,1.26,0.41,1739.39,5457.8,1116.4
2000-04-30,171.3,25.84,3.03,95.2,105.11,0.48,1.26,0.43,1678.75,5384.4,1127.6
2000-05-31,171.5,28.83,3.58,96.35,112.14,0.42,1.27,0.42,1785.62,5451.2,1156.9
2000-06-30,172.4,31.86,4.28,84.33,113.51,0.39,1.3,0.42,1753.18,5456.8,1117.9
2000-07-31,172.8,29.97,3.96,75.27,108.98,0.31,1.32,0.42,1799.36,5343.8,1136.2
2000-08-31,172.8,31.31,4.41,75.58,108.36,0.33,1.33,0.42,1855.86,5304.8,1169.8
2000-09-30,173.7,33.89,5.06,80.43,117.49,0.42,1.36,0.43,1960.41,5474.3,1224.4
2000-10-31,174.0,33.05,5.02,85.03,128.18,0.38,1.36,0.48,1898.59,5282.3,1095.9
2000-11-30,174.1,34.37,5.55,89.17,127.73,0.37,1.36,0.48,1795.11,5269.5,1059.0
2000-12-31,174.0,28.4,8.95,97.56,128.09,0.45,1.36,0.47,1850.55,5233.7,1059.8
2001-01-31,175.1,29.55,8.17,95.15,132.84,0.53,1.36,0.47,1787.5,5170.5,1033.1
2001-02-28,175.8,29.57,5.63,91.97,128.11,0.69,1.36,0.47,1765.65,5121.8,1020.9
2001-03-31,176.2,27.24,5.16,90.25,130.2,0.54,1.37,0.48,1738.77,5046.4,1004.7
2001-04-30,176.9,27.42,5.17,87.99,129.67,0.55,1.37,0.47,1664.16,4949.2,969.4
2001-05-31,177.7,28.61,4.21,84.09,134.86,0.64,1.39,0.47,1682.21,4945.0,938.0
2001-06-30,178.0,27.56,3.71,83.31,127.23,0.61,1.4,0.46,1608.45,4828.3,894.9
2001-07-31,177.5,26.44,3.1,91.73,123.79,0.7,1.42,0.46,1525.21,4350.9,852.4
2001-08-31,177.5,27.45,2.95,93.14,121.92,0.68,1.45,0.47,1464.43,3895.7,828.1
2001-09-30,178.3,26.12,2.15,90.08,122.03,0.57,1.47,0.47,1426.33,3694.5,798.6
2001-10-31,177.7,22.18,2.45,86.56,123.34,0.48,1.45,0.47,1377.28,3750.7,761.5
2001-11-30,177.4,19.59,2.36,89.54,125.27,0.5,1.42,0.47,1427.73,4041.8,772.9
2001-12-31,176.7,19.31,2.41,91.88,122.44,0.51,1.39,0.47,1471.74,4018.5,754.7
2002-01-31,177.1,19.69,2.25,91.98,125.31,0.43,1.39,0.47,1503.96,3861.9,793.2
2002-02-28,177.8,20.72,2.31,90.82,123.28,0.52,1.39,0.46,1561.9,3730.8,771.3
2002-03-31,178.8,24.38,3.03,89.61,122.54,0.57,1.38,0.45,1604.88,3842.8,819.3
2002-04-30,179.8,26.24,3.42,87.13,123.72,0.54,1.38,0.43,1590.33,4023.6,808.2
2002-05-31,179.8,27.04,3.49,90.27,121.46,0.63,1.4,0.44,1595.68,4149.8,769.5
2002-06-30,179.9,25.51,3.22,94.09,132.03,0.65,1.41,0.44,1647.53,4286.1,767.1
2002-07-31,180.1,26.92,2.98,98.69,149.31,0.54,1.42,0.46,1589.46,4331.3,794.9
2002-08-31,180.7,28.37,3.09,108.93,161.26,0.42,1.41,0.46,1479.55,3834.0,747.6
2002-09-30,181.0,29.67,3.57,114.14,187.84,0.49,1.41,0.47,1478.71,3957.4,756.2
2002-10-31,181.3,28.85,4.12,109.7,190.32,0.54,1.39,0.48,1483.76,4241.5,754.7
2002-11-30,181.3,26.28,4.04,108.93,177.38,0.4,1.36,0.49,1582.29,4230.0,765.3
2002-12-31,180.9,29.44,4.74,106.96,162.48,0.63,1.36,0.49,1595.68,4236.8,797.7
2003-01-31,181.7,32.95,5.41,106.14,149.61,0.56,1.37,0.49,1647.66,4435.68,781.41
2003-02-28,183.1,35.8,7.77,105.85,150.84,0.46,1.39,0.49,1683.8,4570.75,785.15
2003-03-31,184.2,33.32,5.95,105.6,141.81,0.49,1.41,0.49,1658.976,4604.52,790.95
2003-04-30,183.8,28.22,5.29,105.46,138.62,0.38,1.4,0.48,1587.475,4565.75,754.65
2003-05-31,183.5,28.13,5.84,107.49,141.96,0.3,1.42,0.48,1648.275,4736.75,775.65
2003-06-30,183.7,30.71,5.77,107.33,131.35,0.31,1.45,0.48,1686.5,4694.76,790.69
2003-07-31,183.9,30.75,5.01,96.81,131.62,0.3,1.49,0.47,1710.0,4739.35,827.54
2003-08-31,184.6,31.58,4.97,100.66,148.72,0.29,1.51,0.47,1760.275,4822.5,817.88
2003-09-30,185.2,28.28,4.61,104.08,145.62,0.31,1.53,0.47,1789.523,4911.59,818.18
2003-10-31,185.0,30.32,4.64,105.39,147.46,0.33,1.51,0.46,1920.543,5236.74,897.96
2003-11-30,184.5,31.09,4.53,108.48,160.55,0.41,1.51,0.46,2055.425,5362.75,914.53
2003-12-31,184.3,32.12,6.13,111.16,165.57,0.37,1.52,0.45,2201.286,6057.62,977.76
2004-01-31,185.2,34.24,6.09,115.52,166.33,0.43,1.53,0.45,2423.571,6485.0,1017.0
2004-02-29,186.2,34.73,5.38,123.54,161.39,0.5,1.58,0.46,2759.525,6672.75,1087.68
2004-03-31,187.4,36.73,5.4,127.85,166.28,0.51,1.61,0.47,3008.717,7619.78,1105.78
2004-04-30,188.0,36.71,5.72,133.5,166.58,0.53,1.65,0.46,2948.725,8955.75,1032.73
2004-05-31,189.1,40.29,6.34,128.22,163.73,0.56,1.69,0.46,2733.5,9459.47,1028.29
2004-06-30,189.7,38.03,6.27,123.32,154.74,0.6,1.76,0.44,2686.705,9204.77,1021.46
2004-07-31,189.4,40.82,5.93,104.85,150.6,0.6,1.78,0.45,2808.432,9044.32,988.32
2004-08-31,189.5,44.92,5.4,104.05,141.29,0.55,1.77,0.44,2846.095,9021.91,975.81
2004-09-30,189.9,45.93,5.14,97.87,151.03,0.54,1.72,0.45,2894.864,9019.55,975.18
2004-10-31,190.9,53.25,6.41,93.79,150.15,0.5,1.68,0.47,3012.238,9045.24,1064.95
2004-11-30,191.0,48.45,6.09,93.75,156.57,0.49,1.65,0.45,3122.795,9070.46,1095.64
2004-12-31,190.3,43.23,6.58,95.39,153.87,0.5,1.62,0.45,3145.452,8553.81,1180.21
2005-01-31,190.7,46.82,6.15,96.25,153.59,0.59,1.62,0.45,3170.0,7735.75,1246.38
2005-02-28,191.8,47.96,6.14,94.14,151.17,0.89,1.63,0.45,3253.7,8088.75,1326.18
2005-03-31,193.3,54.17,6.97,99.88,150.99,0.79,1.63,0.45,3379.49,8407.39,1372.15
2005-04-30,194.6,52.96,7.15,96.28,140.88,0.59,1.63,0.47,3394.476,8143.81,1300.14
2005-05-31,194.4,49.81,6.47,95.42,143.33,0.62,1.64,0.48,3249.1,8125.0,1243.63
2005-06-30,194.5,56.39,7.19,97.1,141.93,0.49,1.64,0.48,3524.068,7618.86,1275.73
2005-07-31,195.4,58.67,7.63,107.52,143.87,0.4,1.65,0.48,3614.214,7169.29,1194.43
2005-08-31,196.4,64.96,9.63,101.67,149.36,0.4,1.65,0.45,3797.75,7188.86,1298.39
2005-09-30,198.8,65.54,12.88,96.35,159.71,0.59,1.66,0.47,3857.841,6783.86,1397.52
2005-10-31,199.2,62.36,13.52,101.94,167.83,0.63,1.64,0.48,4059.762,6422.86,1488.38
2005-11-30,197.6,58.28,10.43,95.37,161.12,0.59,1.6,0.48,4269.341,6160.0,1610.93
2005-12-31,196.8,59.41,12.83,102.14,164.44,0.65,1.57,0.48,4576.775,6713.5,1821.83
2006-01-31,198.3,65.48,8.66,102.65,167.16,0.69,1.54,0.52,4734.333,7051.43,2090.31
2006-02-28,198.7,61.62,7.49,107.13,179.84,0.85,1.53,0.53,4982.4,7826.25,2219.38
2006-03-31,199.8,62.89,6.9,105.25,174.44,0.83,1.51,0.51,5102.848,7939.57,2416.91
2006-04-30,201.5,69.41,7.09,107.72,180.35,0.73,1.49,0.52,6387.778,8853.06,3084.78
2006-05-31,202.5,70.93,6.2,110.65,193.17,0.93,1.5,0.52,8045.857,8837.38,3565.69
2006-06-30,202.9,70.93,6.19,109.4,195.16,0.65,1.52,0.51,7197.614,7896.36,3225.68
2006-07-31,203.5,74.4,6.25,113.99,202.43,0.56,1.54,0.49,7712.095,8418.57,3339.86
2006-08-31,203.9,73.04,7.0,116.59,189.91,0.54,1.55,0.47,7695.659,8502.05,3347.3
2006-09-30,202.9,63.82,4.86,121.75,195.98,0.54,1.56,0.47,7602.357,9039.29,3403.02
2006-10-31,201.8,58.85,5.96,142.17,212.09,0.55,1.54,0.45,7500.386,9768.18,3822.96
2006-11-30,201.5,59.13,7.45,164.54,209.68,0.6,1.52,0.44,7029.182,10079.09,4382.23
2006-12-31,201.8,62.0,6.58,160.38,204.31,0.66,1.53,0.43,6675.105,11158.68,4405.4
2007-01-31,202.416,54.24,6.58,164.77,196.07,0.64,1.57,0.44,5669.659,11361.82,3786.68
2007-02-28,203.499,59.25,7.97,177.35,199.98,0.65,1.63,0.46,5676.45,12933.25,3309.5
2007-03-31,205.352,60.6,7.12,170.51,199.1,0.65,1.68,0.46,6452.477,13892.96,3271.3
2007-04-30,206.686,63.94,7.59,152.75,198.31,0.65,1.72,0.46,7766.474,14052.9,3557.47
2007-05-31,207.949,63.45,7.61,160.23,195.72,0.69,1.75,0.46,7681.42,14140.0,3831.26
2007-06-30,208.352,67.49,7.3,165.25,223.04,0.78,1.78,0.47,7474.38,14099.76,3602.85
2007-07-31,208.299,74.14,6.22,146.84,238.41,0.73,1.79,0.47,7972.57,14737.84,3545.58
2007-08-31,207.917,72.38,6.2,151.17,259.73,0.7,1.79,0.48,7513.5,15174.32,3252.52
2007-09-30,208.49,79.91,6.1,159.44,326.54,0.66,1.8,0.46,7648.975,15023.0,2881.4
2007-10-31,208.936,85.9,6.8,164.16,335.15,0.66,1.76,0.45,8008.435,16071.3,2975.33
2007-11-30,210.177,94.76,7.14,171.25,321.81,0.65,1.71,0.44,6966.705,16691.82,2541.32
2007-12-31,210.036,91.36,7.15,180.25,368.62,0.65,1.69,0.45,6587.667,16263.06,2353.08
2008-01-31,211.08,92.98,8.0,206.66,370.66,0.69,1.7,0.45,7061.023,16337.27,2340.11
2008-02-29,211.693,95.38,8.55,220.07,425.0,0.79,1.74,0.44,7887.69,17210.0,2438.14
2008-03-31,213.528,105.47,9.4,234.36,439.72,1.03,1.79,0.46,8439.289,19803.95,2511.47
2008-04-30,214.823,112.62,10.13,246.44,362.23,0.97,1.81,0.45,8684.932,21658.64,2263.8
2008-05-31,216.632,125.01,11.23,243.46,328.76,0.92,1.84,0.46,8382.75,24062.25,2182.1
2008-06-30,218.815,133.93,12.68,287.11,348.55,0.87,1.89,0.48,8260.595,22229.29,1894.48
2008-07-31,219.964,133.38,11.15,265.34,328.18,0.72,1.95,0.52,8414.043,23139.35,1852.37
2008-08-31,219.086,116.64,8.25,235.03,329.34,0.8,1.95,0.51,7634.7,20026.25,1723.28
2008-09-30,218.783,103.94,7.69,233.85,295.55,0.8,1.95,0.51,6990.864,18368.86,1735.48
2008-10-31,216.573,76.61,6.73,183.06,237.38,0.81,1.93,0.47,4925.696,14401.74,1302.11
2008-11-30,212.425,57.29,6.67,163.77,226.85,0.9,1.92,0.43,3717.0,13643.5,1152.6
2008-12-31,210.228,41.44,5.79,158.26,220.14,0.83,1.92,0.44,3071.976,11240.0,1100.57
2009-01-31,211.143,41.74,5.24,172.83,239.11,0.82,1.92,0.44,3220.69,11372.86,1187.41
2009-02-28,212.193,39.15,4.52,163.38,224.69,0.94,1.91,0.43,3314.725,11039.25,1112.08
2009-03-31,212.709,47.52,3.95,164.56,230.98,0.91,1.89,0.44,3749.75,10675.91,1216.75
2009-04-30,213.24,49.81,3.5,168.5,233.47,0.89,1.88,0.47,4406.55,11743.5,1378.85
2009-05-31,213.856,59.13,3.81,179.91,261.48,0.83,1.92,0.48,4568.632,13793.42,1483.79
2009-06-30,215.693,69.62,3.8,179.52,256.64,0.85,1.94,0.49,5013.955,14985.68,1557.27
2009-07-31,215.351,64.12,3.39,151.57,224.85,0.83,1.95,0.51,5215.543,14038.91,1578.61
2009-08-31,215.834,71.06,3.15,151.96,210.37,0.83,1.91,0.57,6165.3,14869.75,1821.68
2009-09-30,215.969,69.44,2.96,150.39,191.09,0.82,1.87,0.64,6196.432,14869.09,1884.02
2009-10-31,216.177,75.77,4.02,167.31,198.85,0.81,1.83,0.68,6287.977,15008.86,2071.59
2009-11-30,216.33,78.0,3.69,171.64,211.04,0.83,1.81,0.7,6675.595,14942.38,2193.38
2009-12-31,215.949,74.49,5.37,164.56,206.25,0.8,1.81,0.73,6981.714,15546.91,2375.95
2010-01-31,216.687,78.36,5.81,167.31,201.19,0.79,1.83,0.87,7386.25,17714.75,2434.45
2010-02-28,216.741,76.41,5.34,161.8,194.0,0.72,1.84,0.89,6848.175,16361.75,2156.9
2010-03-31,217.631,81.25,4.29,159.05,191.08,0.84,1.85,0.77,7462.826,17549.35,2275.07
2010-04-30,218.009,84.48,4.01,157.08,192.87,0.83,1.88,0.68,7745.075,18683.5,2366.68
2010-05-31,218.178,73.73,4.16,163.38,181.61,0.8,1.91,0.68,6837.684,17566.05,1968.37
2010-06-30,217.965,75.35,4.79,152.75,157.67,0.96,1.92,0.72,6499.295,17319.77,1742.84
2010-07-31,218.011,76.35,4.63,163.76,195.82,0.99,1.94,0.73,6735.25,18191.36,1843.89
2010-08-31,218.312,76.6,4.31,175.58,246.25,0.9,1.94,0.77,7283.952,20754.76,2044.57
2010-09-30,218.439,75.29,3.9,205.89,271.67,0.88,1.93,0.84,7709.295,22701.14,2151.41
2010-10-31,218.711,81.9,3.43,235.81,270.23,0.92,1.91,0.84,8292.405,26342.62,2372.14
2010-11-30,218.803,84.24,3.73,238.18,274.08,0.91,1.88,0.86,8469.886,25519.09,2291.68
2010-12-31,219.179,89.15,4.24,250.38,306.52,0.9,1.88,0.85,9147.262,26163.33,2280.93
2011-01-31,220.223,89.41,4.49,264.95,326.56,0.89,1.87,0.85,9555.7,27465.25,2371.55
2011-02-28,221.309,89.53,4.07,292.9,348.12,1.0,1.88,0.87,9867.6,31526.0,2465.13
2011-03-31,223.467,102.92,3.97,290.54,316.75,1.0,1.9,0.88,9503.36,30590.93,2341.48
2011-04-30,224.906,109.96,4.24,319.27,336.12,1.03,1.9,0.84,9492.79,32363.31,2362.22
2011-05-31,225.964,101.28,4.31,307.86,355.28,1.01,1.91,0.78,8959.9,28676.45,2167.35
2011-06-30,225.722,96.25,4.55,310.61,326.43,0.98,1.92,0.78,9066.85,25519.68,2234.47
2011-07-31,225.922,97.31,4.41,300.77,303.88,0.96,1.93,0.84,9650.46,27398.1,2397.75
2011-08-31,226.545,86.32,4.05,310.22,327.07,0.95,1.94,0.88,9000.76,24042.43,2200.17
2011-09-30,226.889,85.58,3.9,295.26,315.92,0.95,1.96,0.89,8300.14,22526.6,2075.22
2011-10-31,226.421,86.41,3.57,274.79,289.01,0.95,1.96,0.83,7394.19,21868.64,1871.42
2011-11-30,226.23,97.12,3.24,274.39,281.01,0.96,1.97,0.84,7581.02,21291.7,1935.32
2011-12-31,225.672,98.56,3.16,258.65,269.03,0.94,1.98,0.8,7565.48,19375.01,1904.73
2012-01-31,226.665,100.29,2.68,272.84,274.89,0.95,1.99,0.76,8040.47,21438.63,1981.86
2012-02-29,227.663,102.21,2.52,279.46,277.77,1.07,2.01,0.74,8441.49,24293.31,2057.79
2012-03-31,229.392,106.15,2.17,280.69,283.88,1.14,2.05,0.76,8470.78,22985.43,2035.92
2012-04-30,230.085,103.28,1.95,274.0,266.32,1.03,2.06,0.7,8289.48,22200.62,2002.14
2012-05-31,229.815,94.68,2.44,269.28,264.36,0.95,2.07,0.67,7955.642857,20405.24,1936.0
2012-06-30,229.478,82.36,2.46,267.31,276.19,0.95,2.08,0.63,7423.02381,19271.07,1858.7
2012-07-31,229.104,87.9,2.95,333.05,345.69,0.96,2.09,0.63,7584.261364,18546.09,1847.75
2012-08-31,230.379,94.11,2.84,331.99,349.4,0.95,2.09,0.63,7515.532609,18772.62,1818.16
2012-09-30,231.407,94.51,2.84,320.85,353.42,0.96,2.11,0.58,8087.74,20771.26,2009.85
2012-10-31,231.317,89.52,3.32,321.24,358.2,0.96,2.11,0.53,8062.03,21233.7,1903.96
2012-11-30,230.221,86.68,3.54,321.64,360.82,0.93,2.13,0.5,7711.227273,20713.07,1912.4
2012-12-31,229.601,88.22,3.34,308.65,347.96,0.94,2.15,0.49,7966.486842,22880.89,2040.43
2013-01-31,230.28,94.74,3.33,303.13,335.47,0.93,2.22,0.48,8047.36,24545.9,2032.2
2013-02-28,232.166,95.3,3.33,302.74,318.94,0.92,2.19,0.46,8060.925,24211.74,2128.69
2013-03-31,232.773,92.91,3.81,309.04,309.75,0.94,2.31,0.46,7645.583333,23296.52,1926.07
2013-04-30,232.531,92.02,4.17,279.91,308.28,0.9,2.29,0.45,7234.279545,21662.25,1856.0
2013-05-31,232.945,94.76,4.04,295.54,319.67,0.91,2.38,0.43,7249.413043,20775.83,1831.55
2013-06-30,233.504,95.79,3.83,298.41,313.42,0.91,2.4,0.42,7000.2375,20267.4,1839.01
2013-07-31,233.596,104.7,3.62,279.51,304.61,0.92,2.22,0.42,6906.641304,19563.83,1837.62
2013-08-31,233.877,106.55,3.43,238.74,305.34,0.94,2.04,0.45,7192.920455,21644.43,1898.82
2013-09-30,234.149,106.25,3.62,207.41,307.51,0.94,1.98,0.46,7159.269048,22735.07,1846.88
2013-10-31,233.546,100.5,3.67,201.73,325.69,0.93,1.96,0.48,7203.021739,23101.59,1884.84
2013-11-30,233.069,93.95,3.62,199.13,306.75,0.92,2.03,0.46,7070.654762,22826.88,1866.42
2013-12-31,233.049,97.85,4.24,197.39,291.56,0.92,2.07,0.44,7214.9,22762.13,1974.98
2014-01-31,233.916,94.86,4.7,198.06,275.58,0.93,2.11,0.45,7291.47,22063.86,2036.93
2014-02-28,234.781,100.73,5.97,209.32,292.11,0.95,2.02,0.48,7149.21,22820.67,2034.53
2014-03-31,236.293,100.57,4.88,222.33,323.71,0.96,2.26,0.49,6650.04,23024.31,2007.9
2014-04-30,237.072,102.08,4.63,222.36,324.81,0.93,2.38,0.54,6673.56,23405.2,2027.21
2014-05-31,237.9,101.86,4.56,217.3,334.73,0.91,2.56,0.54,6891.13,23271.25,2058.97
2014-06-30,238.343,105.24,4.57,202.39,306.44,0.93,2.55,0.57,6821.14,22762.0,2128.1
2014-07-31,238.25,102.94,4.01,182.73,280.35,0.93,2.45,0.55,7113.38,22424.01,2310.62
2014-08-31,237.852,96.38,3.88,176.42,263.45,0.96,2.27,0.57,7001.84,22231.05,2326.99
2014-09-30,238.031,93.22,3.92,163.06,243.61,0.92,2.36,0.56,6872.22,21090.52,2294.59
2014-10-31,237.433,84.4,3.77,163.12,245.45,0.9,2.36,0.58,6737.48,19830.41,2276.83
2014-11-30,236.151,75.81,4.1,178.74,258.68,0.9,2.31,0.53,6712.85,20033.47,2253.22
2014-12-31,234.812,59.26,3.43,178.73,269.7,0.91,2.22,0.55,6446.45,19829.71,2175.76
2015-01-31,233.707,47.27,2.97,174.71,248.39,0.91,2.22,0.56,5830.54,19454.12,2113.05
2015-02-28,234.722,50.61,2.85,173.7,237.0,1.0,2.03,0.54,5729.27,18233.91,2097.76
2015-03-31,236.119,47.78,2.8,174.23,230.75,1.04,2.15,0.53,5939.67,17421.91,2028.73
2015-04-30,236.599,54.44,2.58,172.05,223.4,1.03,2.31,0.54,6042.09,15900.88,2212.72
2015-05-31,237.805,59.27,2.84,166.29,215.32,0.94,2.35,0.54,6294.78,15803.59,2281.8
2015-06-30,238.638,59.8,2.77,166.72,209.81,0.92,2.28,0.55,5833.01,15064.94,2082.09
2015-07-31,238.654,50.9,2.83,179.6,197.31,0.94,2.07,0.54,5456.75,15071.53,2000.68
2015-08-31,238.316,42.86,2.76,162.59,179.68,0.96,1.82,0.54,5127.3,15163.77,1807.64
2015-09-30,237.945,45.45,2.65,165.62,172.7,0.95,1.69,0.53,5217.25,15453.34,1720.23
2015-10-31,237.838,46.2,2.32,171.39,172.71,0.93,1.61,0.55,5216.09,15794.61,1724.34
2015-11-30,237.336,42.7,2.08,166.16,177.1,0.93,1.62,0.57,4799.9,14745.29,1583.31
2015-12-31,236.525,37.23,1.92,163.95,189.23,0.93,1.74,0.57,4638.83,14691.69,1527.79
2016-01-31,236.916,31.54,2.27,161.03,193.27,1.04,1.85,0.57,4471.79,13808.08,1520.36
2016-02-29,237.111,30.39,1.96,159.68,187.03,1.05,1.77,0.56,4598.62,15610.14,1709.85
2016-03-31,238.132,37.77,1.7,159.14,191.07,1.01,1.85,0.58,4953.8,16897.6,1801.69
2016-04-30,239.261,40.96,1.9,164.41,187.39,0.99,1.93,0.62,4872.74,17032.71,1855.37
2016-05-31,240.236,46.73,1.92,168.96,171.96,0.99,2.06,0.6,4694.54,16706.95,1869.03
2016-06-30,241.038,48.75,2.57,179.87,173.06,0.99,2.15,0.61,4641.97,16966.69,2026.19
2016-07-31,240.647,44.69,2.79,161.76,151.75,1.01,1.96,0.62,4864.9,17826.23,2183.25
2016-08-31,240.849,44.75,2.79,150.15,149.18,1.04,1.74,0.63,4751.67,18427.02,2279.14
2016-09-30,241.428,45.2,2.97,148.43,150.65,1.0,1.7,0.62,4722.2,19499.52,2292.31
2016-10-31,241.729,49.89,2.95,152.26,151.75,0.97,1.59,0.63,4731.26,20099.76,2311.5
2016-11-30,241.353,45.57,2.5,151.8,150.65,0.96,1.76,0.63,5450.93,21126.09,2566.2
2016-12-31,241.432,52.01,3.58,152.45,141.83,0.96,1.86,0.64,5660.35,21204.35,2664.81
2017-01-31,242.839,52.51,3.26,159.99,153.22,1.0,1.94,0.65,5754.56,20691.79,2714.8
2017-02-28,243.603,53.4,2.82,162.86,155.06,1.05,1.94,0.67,5940.91,19446.47,2845.55
2017-03-31,243.801,49.58,2.89,158.96,154.32,1.07,2.13,0.66,5824.63,19875.2,2776.88
2017-04-30,244.524,51.06,3.08,156.44,166.08,1.06,2.16,0.63,5683.9,19910.32,2614.92
2017-05-31,244.733,48.5,3.12,158.59,180.41,1.09,2.33,0.63,5599.56,20200.33,2590.21
2017-06-30,244.955,45.17,2.94,157.93,189.6,1.1,2.43,0.61,5719.76,19658.84,2573.4
2017-07-31,244.786,46.65,2.96,157.51,202.46,1.1,2.35,0.59,5985.12,20223.48,2787.19
2017-08-31,245.519,48.03,2.88,148.5,171.23,1.1,2.19,0.55,6485.63,20521.0,2980.73
2017-09-30,246.819,49.83,2.96,147.29,178.57,1.1,2.11,0.59,6577.17,20796.62,3116.86
2017-10-31,246.663,51.56,2.86,148.62,175.63,1.08,1.98,0.6,6807.6,20376.09,3264.6
2017-11-30,246.669,56.65,2.99,148.7,179.68,1.08,1.96,0.6,6826.55,19557.52,3229.31
2017-12-31,246.524,57.94,2.76,148.98,184.09,1.1,1.97,0.59,6833.89,19476.37,3195.95
2018-01-31,247.867,63.67,3.86,155.84,192.17,1.13,2.07,0.59,7065.85,20696.91,3441.52
2018-02-28,248.991,62.17,2.67,163.36,192.17,1.27,1.98,0.57,7006.52,21651.55,3532.9
2018-03-31,249.554,62.76,2.7,172.0,192.17,1.16,2.2,0.55,6799.18,21211.94,3269.18
2018-04-30,250.546,66.32,2.78,175.6,213.85,1.16,2.36,0.55,6851.51,21291.1,3188.05
2018-05-31,251.588,69.98,2.8,179.09,213.85,1.15,2.65,0.54,6825.27,20858.83,3059.87
2018-06-30,251.989,67.52,2.95,165.07,219.36,1.16,2.72,0.57,6965.86,20660.52,3088.57
2018-07-31,252.006,70.84,2.83,156.46,218.26,1.14,2.53,0.56,6250.75,19729.8,2656.13
2018-08-31,252.146,67.99,2.96,162.37,236.63,1.11,2.22,0.56,6051.05,19228.77,2512.0
2018-09-30,252.439,70.21,2.98,154.8,212.38,1.11,2.03,0.56,6050.76,18967.13,2434.68
2018-10-31,252.885,70.75,3.28,160.26,213.48,1.12,2.03,0.56,6219.59,19121.48,2673.67
2018-11-30,252.038,56.67,4.13,160.69,203.56,1.12,2.03,0.55,6195.92,19064.86,2595.69
2018-12-31,251.233,48.95,3.98,167.44,211.28,1.13,2.09,0.56,6075.32,19259.58,2616.29
2019-01-31,251.712,51.52,3.08,166.74,209.81,1.14,2.15,0.56,5939.1,20457.75,2569.7
2019-02-28,252.776,54.95,2.72,169.52,218.99,1.16,2.09,0.57,6300.49,21263.95,2707.19
2019-03-31,254.202,58.15,2.94,166.22,205.76,1.18,2.07,0.58,6439.46,21393.4,2850.6
2019-04-30,255.548,63.87,2.65,161.49,199.52,1.16,2.09,0.59,6438.36,20604.3,2932.65
2019-05-31,256.092,60.84,2.63,171.08,199.52,1.12,2.09,0.58,6017.9,19523.9,2742.81
2019-06-30,256.143,54.68,2.4,195.08,206.13,1.13,2.07,0.58,5882.23,19193.2,2601.22
2019-07-31,256.571,57.52,2.36,189.42,196.21,1.13,1.99,0.57,5941.2,17977.85,2446.51
2019-08-31,256.558,54.84,2.22,163.59,181.15,1.12,1.9,0.57,5709.44,16608.99,2273.01
2019-09-30,256.759,56.95,2.58,157.26,189.6,1.15,1.85,0.57,5759.25,16830.62,2331.56
2019-10-31,257.346,53.98,2.33,167.15,199.52,1.13,1.85,0.57,5757.3,16603.39,2451.65
2019-11-30,257.208,57.06,2.65,166.33,203.19,1.13,1.85,0.6,5859.95,16335.48,2425.48
2019-12-31,256.974,59.8,2.24,166.96,210.91,1.14,1.98,0.57,6077.06,17141.05,2272.54
2020-01-31,257.971,57.52,2.03,171.79,224.5,1.17,2.07,0.57,6031.21,17029.18,2354.31
2020-02-29,258.678,50.53,1.92,168.71,215.32,1.18,1.88,0.59,5687.75,16480.3,2113.24
2020-03-31,258.115,29.88,1.79,162.42,209.07,1.2,1.78,0.6,5182.63,15290.91,1903.63
2020-04-30,256.389,16.52,1.74,146.91,218.99,1.28,1.27,0.57,5057.97,14952.8,1903.37
2020-05-31,256.394,28.56,1.75,143.91,205.76,1.3,1.52,0.57,5239.83,15401.92,1975.32
2020-06-30,257.797,38.3,1.61,147.99,198.42,1.3,1.57,0.57,5754.6,16837.84,2025.71
2020-07-31,259.101,40.75,1.74,152.55,222.13,1.27,1.52,0.59,6372.46,17469.92,2177.2
2020-08-31,259.918,42.36,2.3,149.34,223.0,1.25,1.5,0.6,6498.94,17650.03,2410.05
2020-09-30,260.28,39.6,1.92,166.08,247.68,1.24,1.47,0.59,6704.9,17951.26,2442.46
2020-10-31,260.388,39.53,2.25,186.75,272.36,1.13,1.5,0.61,6713.81,18176.59,2440.65
2020-11-30,260.229,41.1,2.59,190.38,273.0,1.13,1.7,0.65,7068.91,18522.48,2671.6
2020-12-31,260.474,47.05,2.54,198.77,268.55,1.15,1.81,0.63,7772.24,19731.96,2779.85
2021-01-31,261.582,52.1,2.67,234.47,289.3,1.24,1.81,0.63,7972.15,21920.24,2705.34
2021-02-28,263.014,59.06,5.07,245.24,289.4,1.22,1.81,0.66,8470.94,26315.75,2744.5
2021-03-31,264.877,62.35,2.56,245.17,273.13,1.23,1.89,0.67,8988.25,27061.0,2791.94
2021-04-30,267.054,61.71,2.61,268.23,280.95,1.23,2.26,0.69,9324.82,28328.42,2829.01
2021-05-31,269.195,65.18,2.89,305.31,297.25,1.23,2.37,0.71,10161.97,32246.21,2965.73
2021-06-30,271.696,71.38,3.23,292.56,285.55,1.23,2.38,0.73,9631.5,32502.55,2951.85
2021-07-31,273.003,72.46,3.8,278.43,294.27,1.23,2.38,0.8,9450.82,34020.18,2947.52
2021-08-31,273.567,67.73,4.05,256.61,324.52,1.23,2.38,0.76,9370.14,35024.0,2987.95
2021-09-30,274.31,71.56,5.11,235.62,337.55,1.18,2.38,0.79,9324.71,34887.3,3036.02
2021-10-31,276.589,81.32,5.48,239.65,354.67,1.15,2.33,0.82,9829.22,37722.92,3359.91
2021-11-30,277.948,79.18,5.02,248.72,379.45,1.14,2.34,0.82,9728.9,39158.69,3311.27
2021-12-31,278.802,71.53,3.73,264.54,376.81,1.16,2.74,0.81,9551.18,39422.52,3399.21
2022-01-31,281.148,83.12,4.33,276.62,374.24,1.16,2.88,0.78,9782.34,41791.7,3599.14
2022-02-28,283.716,91.74,4.66,292.62,390.5,1.24,2.83,0.78,9943.17,43983.35,3620.04
2022-03-31,287.504,108.49,4.88,335.53,486.3,1.39,3.34,0.8,10230.89,43949.67,3962.21
2022-04-30,289.109,101.78,6.53,348.17,495.28,1.46,3.67,0.81,10161.38,42991.11,4360.43
2022-05-31,292.296,109.6,8.14,344.84,522.29,1.46,3.7,0.8,9377.15,35769.39,3751.48
2022-06-30,296.311,114.59,7.67,335.71,459.59,1.44,3.67,0.79,9024.46,31559.31,3629.73
2022-07-31,296.276,99.85,7.26,322.97,382.5,1.53,3.54,0.77,7544.81,25395.77,3105.36
2022-08-31,296.171,91.57,8.79,289.84,382.86,1.67,3.32,0.78,7981.84,24647.48,3587.57
2022-09-30,296.808,83.87,7.76,312.66,419.14,1.62,3.31,0.77,7746.01,21124.04,3124.97
2022-10-31,298.012,87.26,5.62,343.56,437.95,1.57,3.31,0.76,7651.08,19391.17,2967.21
2022-11-30,297.711,84.78,5.28,320.92,422.68,1.65,3.31,0.79,8049.86,21249.5,2938.92
2022-12-31,296.797,76.52,5.5,302.25,386.33,1.68,3.31,0.81,8375.4,24172.37,3129.48
2023-01-31,299.17,78.11,3.27,302.78,380.36,1.68,3.31,0.8,9037.95,28154.14,3309.81
2023-02-28,300.84,76.84,2.38,298.18,394.75,1.66,3.31,0.81,8936.59,26862.9,3133.84
2023-03-31,301.836,73.37,2.3,282.49,369.86,1.6,3.33,0.84,8856.31,23999.96,2967.46
2023-04-30,303.363,79.44,2.16,291.11,378.18,1.65,3.37,0.91,8809.42,25793.75,2767.56
2023-05-31,304.127,71.95744931272681,2.2777816284296937,268.1082922473764,362.01503509667805,1.6069565217391304,3.415350072329969,0.9396769160504453,8243.40172094284,25743.79823271215,2483.271182513269
